rep	fixture	phase	seconds	load1	verdict
1	escalation-citation	copy	0.045	5.02	-
1	escalation-citation	runner-run	13.715	5.08	PASS
1	escalation-citation	runner-total	14.792	5.08	PASS
1	escalation-citation	direct	13.317	4.68	exit0
1	prepush-pool-depth	copy	0.024	4.68	-
1	prepush-pool-depth	runner-run	106.981	4.58	PASS
1	prepush-pool-depth	runner-total	107.24	4.58	PASS
1	prepush-pool-depth	direct	112.481	2.81	exit0
1	whole-read-pool	copy	0.011	2.81	-
1	whole-read-pool	runner-run	3.096	2.74	PASS
1	whole-read-pool	runner-total	3.329	2.74	PASS
1	whole-read-pool	direct	3.125	2.76	exit0
2	escalation-citation	copy	0.035	2.76	-
2	escalation-citation	runner-run	12.892	2.94	PASS
2	escalation-citation	runner-total	13.911	2.94	PASS
2	escalation-citation	direct	12.862	3.27	exit0
2	prepush-pool-depth	copy	0.022	3.27	-
2	prepush-pool-depth	runner-run	104.689	2.87	PASS
2	prepush-pool-depth	runner-total	104.947	2.87	PASS
2	prepush-pool-depth	direct	111.723	2.88	exit0
2	whole-read-pool	copy	0.011	2.88	-
2	whole-read-pool	runner-run	3.193	2.88	PASS
2	whole-read-pool	runner-total	3.434	2.88	PASS
2	whole-read-pool	direct	3.423	2.89	exit0
3	escalation-citation	copy	0.035	2.89	-
3	escalation-citation	runner-run	14.426	6.31	PASS
3	escalation-citation	runner-total	15.827	6.31	PASS
3	escalation-citation	direct	13.722	6.34	exit0
3	prepush-pool-depth	copy	0.027	6.34	-
3	prepush-pool-depth	runner-run	105.303	7.65	PASS
3	prepush-pool-depth	runner-total	105.551	7.65	PASS
3	prepush-pool-depth	direct	113.499	5.86	exit0
3	whole-read-pool	copy	0.011	5.86	-
3	whole-read-pool	runner-run	3.076	6.19	PASS
3	whole-read-pool	runner-total	3.303	6.19	PASS
3	whole-read-pool	direct	3.126	6.19	exit0
4	escalation-citation	copy	0.035	5.78	-
4	escalation-citation	runner-run	12.993	4.79	PASS
4	escalation-citation	runner-total	14.074	4.79	PASS
4	escalation-citation	direct	13.996	4.88	exit0
4	prepush-pool-depth	copy	0.023	4.88	-
4	prepush-pool-depth	runner-run	105.309	4.20	PASS
4	prepush-pool-depth	runner-total	105.54	4.20	PASS
4	prepush-pool-depth	direct	114.435	3.96	exit0
4	whole-read-pool	copy	0.012	3.96	-
4	whole-read-pool	runner-run	3.263	3.89	PASS
4	whole-read-pool	runner-total	3.505	3.89	PASS
4	whole-read-pool	direct	3.404	4.45	exit0
5	escalation-citation	copy	0.036	4.45	-
5	escalation-citation	runner-run	13.554	4.44	PASS
5	escalation-citation	runner-total	14.61	4.44	PASS
5	escalation-citation	direct	13.842	4.73	exit0
5	prepush-pool-depth	copy	0.023	4.73	-
5	prepush-pool-depth	runner-run	106.662	6.45	PASS
5	prepush-pool-depth	runner-total	106.904	6.45	PASS
5	prepush-pool-depth	direct	112.469	3.36	exit0
5	whole-read-pool	copy	0.011	3.36	-
5	whole-read-pool	runner-run	3.115	3.36	PASS
5	whole-read-pool	runner-total	3.342	3.36	PASS
5	whole-read-pool	direct	3.274	3.25	exit0
