# suite-pole-baseline.tsv -- the fixture suite's POLE, and the only figure that decides how
# long `git push` takes. Read by scripts/validate-suite-pole.sh at pre-push.
#
# WHAT A LOADED FIGURE IS, AND WHY NOTHING ELSE MAY BE PUT HERE. The number below is the cost
# of one fixture directory measured WHILE THE WHOLE POOL WAS RUNNING -- twelve workers on this
# box, every fixture dispatched. The same unit driven alone gives a completely different
# number: one shard has measured 442s loaded against 112s solo. A solo timing and a loaded
# timing are not two readings of one quantity and must never be written into the same row.
#
# WHY ONE ROW PER POOL WIDTH, AND NEVER ONE PER FIXTURE. The suite is POLE-BOUND: its wall
# clock tracks the single longest DIRECTORY, not the sum over the pool. A file with a row per
# fixture is a file every push edits and nobody reads, and the rows for units that are not the
# pole rot in place. But a loaded cost is a property of the pool width it was taken under --
# `gate-adjudication-mutants` read 490-500s at 12 and 727-760s at 16 -- so each width carries
# its OWN block: its `# band:`, `# jobs:` and `# fixtures:` lines followed by exactly one data
# row. The guard selects the block whose `# jobs:` equals the running width, SKIPs naming the
# widths present when none does, and refuses (exit 2) a width given twice, a directive repeated
# before a row consumes its block, and a row whose block is missing a directive.
#
# THE RATCHET RULE. The row moves DOWN freely -- a faster suite needs no ceremony. It moves UP
# only as a reviewed edit carrying a MEASUREMENT and the load average it was taken under, in
# the same change as whatever made the suite slower, appended to the history below. A loaded
# box is not a reason to raise the row; re-run the gate, which is what the band is for.
#
# `# band:` is the percent of growth tolerated above the row before the push fails. It is the
# calibrated run-to-run spread plus stated headroom -- not a number chosen for comfort.
# `# jobs:` is the pool width the figure was taken under; the guard compares only against the
# block taken at the running width, because a different width is a different measurement.
# `# fixtures:` is the fixture-directory count of the tree the figure was taken on. It is
# reported and never compared -- it is there so a later reader can see whether the suite has
# grown under the figure.
#
# CALIBRATION -- THREE SERIAL FULL RUNS OF `AI_DLC_FIXTURE_NO_SKIP=1 bash .githooks/pre-push`
# ON AN UNCHANGED TREE, in a file:// clone of origin/main at 83747ef4, pool 12, 201 fixture
# directories, durations seeded from the operator clone's record so all three dispatch in the
# same longest-first order:
#
#   run 1: ledger-reverify 628s, wall 743s, load average 50.56 at start, gate green 21/21
#   run 2: ledger-reverify 563s, wall 629s, load average  9.06 at start, gate RED on one
#          unrelated fixture (agent-definition-render mutant-attribution flake); the durations
#          file was complete at 201 rows, so the pole figure is a full-dispatch reading
#   run 3: ledger-reverify 562s, wall 627s, load average  5.30 at start, gate green 21/21
#
# The next four rows moved together and in the same direction across all three, which is what
# says the spread is LOAD and not one unit misbehaving: reconcile-emit-report 377/325/325,
# gate-adjudication-mutants 330/291/287, check-24-adversarial-convergence 246/186/192,
# self-update-gate 226/196/197.
#
# HOW THE ROW AND THE BAND WERE DERIVED. n=3 under uncontrolled load gives no dispersion
# estimate; what it gives is an OBSERVED LOADED CEILING, and that is what the row is -- the MAX
# of the three, 628, not the mean and not the quiet-box figure. Taking the minimum would put
# the baseline under two of the three readings of an unchanged tree, which is a red on every
# busy push. The band is the observed spread, ceil((628-562)/562*100) = 12 percent, plus 8
# points of stated headroom = 20. Ceiling therefore 628 + ceil(628*20/100) = 754: a run at 754
# passes and a run at 755 fails.
#
# WHAT THIS ROW IS NOT COMPARABLE TO. Prior readings of this same row on other days, from the
# merged-forward `.git/ai-dlc-fixture-durations` record, were 490, 493 and 573 -- rows of mixed
# vintage, each a floor of unknown age. They are not three measurements of one quantity either,
# which is why the calibration above was run rather than read off the record.
#
# CALIBRATION AT POOL 16 -- the same recipe, in a file:// clone of origin/main at abe3afb7, pool
# 16, 227 fixture directories, durations seeded from the operator clone's record before each run.
# Every run exited 1 on the release-version phase alone, because a file:// clone has no
# origin/main for the range arm to diff against; the fixture suite's verdict is read separately:
#
#   run 1: gate-adjudication-mutants 760s, wall 1105s, load average  4.49 at start, suite 227/227
#   run 2: NO READING -- stray-party-mode-provenance FIXTURE BROKEN (hdiutil: Operation not
#          permitted) at load 85.09, so the pool was red and the hook wrote no durations
#   run 3: gate-adjudication-mutants 727s, wall 1068s, load average 47.85 at start, suite 227/227
#   run 4: gate-adjudication-mutants 702s, wall 1041s, load average 36.56 at start, suite 227/227
#
# The next four rows moved together across the three readings: procsub-staged-refusal-boot
# 633/615/606, reconcile-emit-report 595/577/578, procsub-staged-refusal 589/572/570,
# apply-drift-refile 523/511/512. Row = max 760; band = ceil((760-702)/702*100) = 9 plus 8 points
# of headroom = 17; ceiling 760 + ceil(760*17/100) = 890. Two other sessions' fixture work ran
# alongside runs 3 and 4, so the row is a LOADED ceiling and moves down freely on a quieter run.
#
# RECALIBRATION AT POOL 12 -- the pool-12 row above named `ledger-reverify`, which has since been
# sharded into four directories, so the 628s figure timed a partition that no longer exists. Same
# recipe, in a file:// clone of origin/main at 9bbc5a50, pool 12, 231 fixture directories, the
# durations record reset from one golden copy before every run. These three runs are cell A of the
# inner-pool sweep recorded in .githooks/pre-push, interleaved round-robin with six runs of two
# other cells (A B A B C A C B C). Every run exited 1 on the release-version phase alone:
#
#   run 1: reconcile-emit-report 553s, wall 1126s, load average  3.02 at start, suite 228/228
#   run 3: reconcile-emit-report 545s, wall 1144s, load average  6.94 at start, suite 228/228
#   run 6: reconcile-emit-report 537s, wall 1097s, load average 17.15 at start, suite 228/228
#
# Row = max 553. THE BAND IS TAKEN OVER ALL NINE RUNS, NOT THE THREE, and that is a deviation from
# the recipe, stated here so it is not mistaken for one. `reconcile-emit-report` opens no inner
# pool -- none of the sweep's eleven constant edits touches it -- and it was the pole in all nine
# runs, so every run is a load sample of the SAME unchanged unit: 553 545 537 | 533 627 541 |
# 543 662 534 across loads 3.0 to 48.7. The three-run spread alone is ceil((553-537)/537*100) = 3,
# band 11, ceiling 614 -- which two of these nine readings of an unchanged unit already exceed, so
# it would be a red on an ordinary busy push. Over nine: ceil((662-533)/533*100) = 25, plus 8
# points of headroom = 33; ceiling 553 + ceil(553*33/100) = 736. That is still below the 754 the
# old row allowed, so the ceiling ratchets down.
#
# RATCHET HISTORY -- one line per change to the row, with its measurement and the load beside it.
#   v0.583.0  ledger-reverify 628  band 20  jobs 12  fixtures 201  (max of 628/563/562, loads 50.56/9.06/5.30)
#   v0.705.0  gate-adjudication-mutants 760  band 17  jobs 16  fixtures 227  (max of 760/727/702, loads 4.49/47.85/36.56)
#   v0.717.0  reconcile-emit-report 553  band 33  jobs 12  fixtures 231  (max of 553/545/537, loads 3.02/6.94/17.15; band over 9 runs 533-662)
#
# band: 33
# jobs: 12
# fixtures: 231
reconcile-emit-report 553
#
# band: 17
# jobs: 16
# fixtures: 227
gate-adjudication-mutants 760
